,code,date,time,open,close,high,low,volume,money,avg,factor
0,1,20140102,09:31,121199,121100,121199,120900,1094300,13257319,121150,63.602
1,1,20140102,09:32,121100,121000,121199,121000,554600,6713421,121050,63.602
2,1,20140102,09:33,121000,121700,121700,121000,283000,3432116,121280,63.602
3,1,20140102,09:34,121500,121800,122100,121500,560900,6838232,121920,63.602
4,1,20140102,09:35,121900,121600,121900,121500,593900,7229056,121720,63.602
5,1,20140102,09:36,121600,121500,121600,121400,431900,5248184,121510,63.602
6,1,20140102,09:37,121500,121500,121700,121500,416800,5064400,121510,63.602
7,1,20140102,09:38,121500,121199,121500,121199,697700,8467308,121359,63.602
8,1,20140102,09:39,121300,121300,121600,121199,303700,3686100,121370,63.602
9,1,20140102,09:40,121300,121500,121700,121300,187100,2272528,121460,63.602
10,1,20140102,09:41,121300,121600,121600,121300,200000,2429128,121460,63.602
11,1,20140102,09:42,121500,121600,121700,121500,276600,3362072,121550,63.602
12,1,20140102,09:43,121700,121800,121900,121600,360200,4383456,121700,63.602
13,1,20140102,09:44,122000,122500,122500,121900,254000,3106352,122300,63.602
14,1,20140102,09:45,122500,122800,122899,122500,364800,4478328,122760,63.602
15,1,20140102,09:46,122700,122500,122700,122300,330300,4047944,122550,63.602
16,1,20140102,09:47,122500,122600,122700,122400,276600,3388928,122520,63.602
17,1,20140102,09:48,122600,122600,122800,122600,148000,1815296,122660,63.602
18,1,20140102,09:49,122700,122300,122700,122300,307200,3763160,122500,63.602
19,1,20140102,09:50,122400,122200,122400,122000,201800,2466400,122220,63.602
20,1,20140102,09:51,122000,122300,122300,122000,157600,1924528,122110,63.602
21,1,20140102,09:52,122200,122500,122500,122200,139300,1705344,122420,63.602
22,1,20140102,09:53,122600,122400,122600,122400,105300,1290240,122530,63.602
23,1,20140102,09:54,122400,122300,122500,122200,151700,1856016,122350,63.602
24,1,20140102,09:55,122300,122200,122300,122000,344700,4210792,122160,63.602
25,1,20140102,09:56,122100,121800,122100,121600,571700,6961304,121760,63.602
26,1,20140102,09:57,121800,122000,122000,121700,283400,3451616,121790,63.602
27,1,20140102,09:58,122000,121900,122000,121800,236500,2882552,121880,63.602
28,1,20140102,09:59,122000,121900,122100,121800,72800,887192,121870,63.602
29,1,20140102,10:00,121900,122000,122000,121800,204800,2495896,121870,63.602
30,1,20140102,10:01,122000,122200,122300,121900,192000,2345232,122150,63.602
31,1,20140102,10:02,122200,122100,122200,122000,116400,1421248,122100,63.602
32,1,20140102,10:03,122000,122000,122100,121900,104100,1270872,122080,63.602
33,1,20140102,10:04,122100,122100,122200,122000,106800,1303632,122060,63.602
34,1,20140102,10:05,122200,122000,122200,121900,162100,1978504,122050,63.602
35,1,20140102,10:06,122000,121800,122000,121800,151000,1839808,121840,63.602
36,1,20140102,10:07,121900,121600,121900,121600,341500,4156920,121730,63.602
37,1,20140102,10:08,121800,121400,121800,121400,492100,5980512,121530,63.602
38,1,20140102,10:09,121400,121300,121500,121199,349100,4233456,121270,63.602
39,1,20140102,10:10,121400,121300,121400,121199,185500,2249888,121290,63.602
40,1,20140102,10:11,121300,121000,121400,121000,906200,10970464,121060,63.602
41,1,20140102,10:12,120900,120600,121000,120500,652800,7880832,120719,63.602
42,1,20140102,10:13,120700,120700,120800,120600,123600,1491264,120650,63.602
43,1,20140102,10:14,120800,120900,121000,120700,249200,3012592,120890,63.602
44,1,20140102,10:15,121000,120900,121100,120900,238800,2889936,121020,63.602
45,1,20140102,10:16,120900,120900,121000,120800,279300,3375856,120870,63.602
46,1,20140102,10:17,120800,120900,121000,120800,143100,1728256,120770,63.602
47,1,20140102,10:18,120900,121000,121000,120800,160900,1945504,120910,63.602
48,1,20140102,10:19,121000,121300,121400,121000,157200,1904864,121170,63.602
49,1,20140102,10:20,121300,121199,121400,121199,111700,1354464,121260,63.602
50,1,20140102,10:21,121300,121400,121500,121300,156700,1902992,121440,63.602
51,1,20140102,10:22,121400,121199,121500,121199,118800,1441600,121350,63.602
52,1,20140102,10:23,121300,121700,121700,121199,443100,5382656,121480,63.602
53,1,20140102,10:24,121700,121300,121700,121300,248000,3013856,121530,63.602
54,1,20140102,10:25,121300,121199,121300,121199,112200,1360608,121270,63.602
55,1,20140102,10:26,121300,121100,121400,121100,111100,1346432,121190,63.602
56,1,20140102,10:27,121300,121000,121300,121000,361300,4375488,121100,63.602
57,1,20140102,10:28,121000,121000,121000,120800,243200,2940288,120900,63.602
58,1,20140102,10:29,121000,121100,121100,121000,106300,1287200,121090,63.602
59,1,20140102,10:30,121199,121400,121400,121100,50500,611680,121120,63.602
60,1,20140102,10:31,121400,121199,121400,120900,387300,4683984,120940,63.602
61,1,20140102,10:32,121000,121199,121400,121000,45200,547824,121199,63.602
62,1,20140102,10:33,121300,121300,121400,121199,68400,829600,121290,63.602
63,1,20140102,10:34,121300,121300,121300,121000,155000,1878944,121220,63.602
64,1,20140102,10:35,121000,121000,121300,121000,84200,1019072,121030,63.602
65,1,20140102,10:36,121000,120900,121000,120900,174300,2107920,120940,63.602
66,1,20140102,10:37,120800,120900,121000,120800,132200,1597440,120840,63.602
67,1,20140102,10:38,120900,120900,121000,120800,113400,1370912,120890,63.602
68,1,20140102,10:39,120800,120900,121000,120800,76600,926928,121010,63.602
69,1,20140102,10:40,120800,120900,121000,120800,169600,2050752,120920,63.602
70,1,20140102,10:41,120900,121199,121199,120900,63300,765600,120950,63.602
71,1,20140102,10:42,121199,121300,121400,121100,43200,523552,121190,63.602
72,1,20140102,10:43,121100,121199,121300,121100,59400,719776,121170,63.602
73,1,20140102,10:44,121300,121300,121300,121100,157400,1907904,121210,63.602
74,1,20140102,10:45,121199,121000,121300,121000,81200,982624,121010,63.602
75,1,20140102,10:46,121000,120700,121000,120700,464300,5609536,120820,63.602
76,1,20140102,10:47,120700,120700,120700,120600,323700,3904736,120630,63.602
77,1,20140102,10:48,120700,120500,120700,120500,679900,8196032,120550,63.602
78,1,20140102,10:49,120700,120900,121100,120600,171900,2076000,120770,63.602
79,1,20140102,10:50,121000,121000,121000,120700,45700,552976,121000,63.602
80,1,20140102,10:51,121000,120700,121000,120700,114000,1378016,120879,63.602
81,1,20140102,10:52,121000,121000,121000,120700,132100,1596112,120830,63.602
82,1,20140102,10:53,121000,121199,121199,120800,117300,1420704,121120,63.602
83,1,20140102,10:54,121300,121199,121300,121100,95200,1153600,121180,63.602
84,1,20140102,10:55,121000,121300,121400,121000,71600,867872,121210,63.602
85,1,20140102,10:56,121199,121600,121600,121199,194500,2361456,121410,63.602
86,1,20140102,10:57,121600,121800,121800,121600,193100,2348912,121640,63.602
87,1,20140102,10:58,121800,121600,121800,121600,166700,2029088,121720,63.602
88,1,20140102,10:59,121600,121600,121600,121500,87800,1067568,121590,63.602
89,1,20140102,11:00,121600,121500,121600,121500,55800,678346,121570,63.602
90,1,20140102,11:01,121600,121500,121600,121500,102400,1244857,121570,63.602
91,1,20140102,11:02,121500,121600,121700,121500,93600,1137344,121510,63.602
92,1,20140102,11:03,121500,121300,121700,121300,115000,1397888,121560,63.602
93,1,20140102,11:04,121300,121400,121500,121300,35600,432359,121450,63.602
94,1,20140102,11:05,121400,121600,121600,121400,75800,921001,121500,63.602
95,1,20140102,11:06,121500,121600,121700,121400,181500,2207008,121600,63.602
96,1,20140102,11:07,121700,121600,121700,121600,55500,674688,121570,63.602
97,1,20140102,11:08,121700,121800,121800,121600,110300,1342240,121690,63.602
98,1,20140102,11:09,121800,122100,122100,121800,191300,2333696,121990,63.602
99,1,20140102,11:10,122100,122300,122300,122100,207800,2540160,122240,63.602
100,1,20140102,11:11,122300,122200,122400,122100,141400,1728736,122260,63.602
101,1,20140102,11:12,122100,122600,122600,122000,656800,8046340,122510,63.602
102,1,20140102,11:13,122500,122100,122500,122000,535000,6551104,122449,63.602
103,1,20140102,11:14,122100,122000,122200,122000,151900,1854912,122110,63.602
104,1,20140102,11:15,121900,122200,122200,121900,133000,1622240,121969,63.602
105,1,20140102,11:16,122200,122200,122300,122100,38700,473152,122260,63.602
106,1,20140102,11:17,122200,122000,122200,122000,100400,1225792,122090,63.602
107,1,20140102,11:18,122100,122100,122200,122000,75300,919968,122170,63.602
108,1,20140102,11:19,122200,121900,122200,121900,87500,1067872,122040,63.602
109,1,20140102,11:20,122000,122000,122200,121800,91600,1117376,121980,63.602
110,1,20140102,11:21,122000,122200,122200,122000,161300,1970016,122129,63.602
111,1,20140102,11:22,122200,122400,122500,122200,222100,2716928,122330,63.602
112,1,20140102,11:23,122400,122200,122400,122000,124000,1514816,122160,63.602
113,1,20140102,11:24,122200,122000,122300,122000,42300,517001,122220,63.602
114,1,20140102,11:25,122200,122000,122200,122000,56400,688832,122129,63.602
115,1,20140102,11:26,122100,122000,122100,121800,232600,2836992,121969,63.602
116,1,20140102,11:27,122000,122000,122200,122000,324600,3960032,122000,63.602
117,1,20140102,11:28,122000,122000,122100,122000,108000,1317760,122010,63.602
118,1,20140102,11:29,122100,122000,122100,122000,120700,1473984,122120,63.602
119,1,20140102,11:30,122000,122100,122100,122000,57300,699207,122030,63.602
120,1,20140102,13:01,122000,122000,122000,121800,753800,9190752,121930,63.602
121,1,20140102,13:02,122000,121900,122000,121800,115900,1412896,121910,63.602
122,1,20140102,13:03,121900,121900,122000,121800,58800,716608,121870,63.602
123,1,20140102,13:04,121800,121900,121900,121800,50600,616622,121860,63.602
124,1,20140102,13:05,121900,121900,121900,121800,103200,1257696,121870,63.602
125,1,20140102,13:06,121900,121900,121900,121800,60600,738304,121830,63.602
126,1,20140102,13:07,121800,121800,121900,121700,51900,632416,121850,63.602
127,1,20140102,13:08,121800,121800,121900,121700,27300,332544,121809,63.602
128,1,20140102,13:09,121800,122000,122000,121800,111400,1357440,121850,63.602
129,1,20140102,13:10,122000,122100,122100,121900,238300,2907424,122010,63.602
130,1,20140102,13:11,122000,122000,122100,121900,71000,866272,122010,63.602
131,1,20140102,13:12,121900,121800,122000,121800,21600,263323,121910,63.602
132,1,20140102,13:13,121900,121800,121900,121800,87600,1067296,121840,63.602
133,1,20140102,13:14,121800,121700,121900,121700,116300,1416192,121770,63.602
134,1,20140102,13:15,121800,121800,121900,121800,62800,765056,121820,63.602
135,1,20140102,13:16,121700,121800,121800,121600,173900,2116384,121700,63.602
136,1,20140102,13:17,121800,121800,121800,121600,44500,541856,121770,63.602
137,1,20140102,13:18,121700,121500,121700,121500,118700,1442720,121540,63.602
138,1,20140102,13:19,121600,121400,121600,121400,143700,1745696,121480,63.602
139,1,20140102,13:20,121400,121300,121400,121000,349400,4231808,121120,63.602
140,1,20140102,13:21,121400,121300,121400,121199,195900,2374272,121199,63.602
141,1,20140102,13:22,121300,121400,121400,121300,204700,2484736,121380,63.602
142,1,20140102,13:23,121400,121500,121500,121400,41500,503872,121410,63.602
143,1,20140102,13:24,121400,121400,121500,121300,68900,835552,121270,63.602
144,1,20140102,13:25,121300,121400,121400,121199,96400,1169696,121340,63.602
145,1,20140102,13:26,121400,121400,121400,121199,86000,1043040,121280,63.602
146,1,20140102,13:27,121400,121300,121400,121199,88500,1073888,121340,63.602
147,1,20140102,13:28,121300,121100,121300,121100,257800,3124800,121210,63.602
148,1,20140102,13:29,121100,121100,121199,121000,298600,3614592,121050,63.602
149,1,20140102,13:30,121100,121000,121100,120900,93000,1125664,121039,63.602
150,1,20140102,13:31,121100,120900,121100,120900,222200,2688608,121000,63.602
151,1,20140102,13:32,121000,121199,121199,120900,396600,4801280,121060,63.602
152,1,20140102,13:33,121199,121199,121199,121100,94100,1140160,121160,63.602
153,1,20140102,13:34,121199,121100,121199,121000,168200,2037056,121110,63.602
154,1,20140102,13:35,121100,121199,121300,121100,118400,1433984,121110,63.602
155,1,20140102,13:36,121199,121100,121199,121100,126400,1531904,121190,63.602
156,1,20140102,13:37,121100,121100,121199,121000,144600,1751904,121160,63.602
157,1,20140102,13:38,121000,121000,121100,120900,144200,1744576,120980,63.602
158,1,20140102,13:39,121000,121100,121100,120900,123300,1491200,120940,63.602
159,1,20140102,13:40,121000,121100,121100,120900,542400,6563008,121000,63.602
160,1,20140102,13:41,121100,121100,121100,121000,117400,1421312,121070,63.602
161,1,20140102,13:42,121100,121300,121300,121100,144300,1747904,121130,63.602
162,1,20140102,13:43,121199,121199,121400,121199,85100,1032128,121280,63.602
163,1,20140102,13:44,121300,121400,121400,121300,109100,1323424,121300,63.602
164,1,20140102,13:45,121400,121300,121400,121300,77000,934717,121390,63.602
165,1,20140102,13:46,121300,121400,121500,121300,223500,2714080,121440,63.602
166,1,20140102,13:47,121500,121400,121500,121400,83000,1008224,121470,63.602
167,1,20140102,13:48,121500,121500,121600,121400,74400,903520,121440,63.602
168,1,20140102,13:49,121500,121199,121500,121100,463400,5619232,121260,63.602
169,1,20140102,13:50,121100,121300,121300,121100,65900,798912,121230,63.602
170,1,20140102,13:51,121199,121300,121500,121199,289700,3511776,121220,63.602
171,1,20140102,13:52,121300,121199,121500,121000,547700,6634304,121130,63.602
172,1,20140102,13:53,121100,121300,121300,121100,35200,426808,121250,63.602
173,1,20140102,13:54,121300,121199,121300,121100,107400,1302240,121250,63.602
174,1,20140102,13:55,121199,121199,121300,121100,102700,1244480,121180,63.602
175,1,20140102,13:56,121199,121300,121500,121199,52900,642368,121430,63.602
176,1,20140102,13:57,121400,121500,121500,121300,175100,2126048,121420,63.602
177,1,20140102,13:58,121500,121500,121600,121500,111800,1359040,121560,63.602
178,1,20140102,13:59,121600,121500,121600,121500,156700,1905138,121580,63.602
179,1,20140102,14:00,121600,121500,121600,121400,103100,1253152,121550,63.602
180,1,20140102,14:01,121600,121500,121600,121500,40600,493547,121560,63.602
181,1,20140102,14:02,121600,121600,121700,121500,174000,2115104,121560,63.602
182,1,20140102,14:03,121600,121600,121600,121500,131300,1596576,121600,63.602
183,1,20140102,14:04,121600,121600,121700,121500,55500,675104,121640,63.602
184,1,20140102,14:05,121700,121600,121700,121600,109300,1329888,121670,63.602
185,1,20140102,14:06,121600,121800,121800,121600,155000,1886400,121700,63.602
186,1,20140102,14:07,121900,122000,122000,121800,178800,2179264,121880,63.602
187,1,20140102,14:08,121900,122000,122000,121900,740100,9029088,122000,63.602
188,1,20140102,14:09,122100,122200,122300,122100,736400,8992832,122120,63.602
189,1,20140102,14:10,122300,122200,122300,122200,219500,2683872,122270,63.602
190,1,20140102,14:11,122200,122200,122300,122100,207300,2533408,122210,63.602
191,1,20140102,14:12,122200,122300,122400,122200,214200,2619360,122289,63.602
192,1,20140102,14:13,122400,122300,122400,122200,239400,2927680,122289,63.602
193,1,20140102,14:14,122200,122300,122300,122200,102000,1247776,122330,63.602
194,1,20140102,14:15,122300,122200,122300,122200,104500,1276960,122200,63.602
195,1,20140102,14:16,122300,122400,122400,122300,90700,1109792,122360,63.602
196,1,20140102,14:17,122400,122300,122400,122200,180500,2207488,122300,63.602
197,1,20140102,14:18,122300,122200,122300,122100,168500,2059744,122240,63.602
198,1,20140102,14:19,122200,122100,122200,122100,135900,1660224,122170,63.602
199,1,20140102,14:20,122200,122100,122200,122100,144300,1762048,122110,63.602
200,1,20140102,14:21,122200,122200,122200,122100,255600,3122336,122160,63.602
201,1,20140102,14:22,122200,122300,122300,122100,181100,2213344,122220,63.602
202,1,20140102,14:23,122300,122300,122300,122200,88300,1079616,122270,63.602
203,1,20140102,14:24,122300,122200,122300,122200,107900,1319072,122250,63.602
204,1,20140102,14:25,122300,122400,122400,122200,180500,2208000,122330,63.602
205,1,20140102,14:26,122400,122400,122400,122200,230000,2814272,122360,63.602
206,1,20140102,14:27,122400,122400,122400,122300,168300,2058688,122320,63.602
207,1,20140102,14:28,122400,122500,122500,122300,198500,2430496,122440,63.602
208,1,20140102,14:29,122400,122400,122500,122400,93600,1146208,122460,63.602
209,1,20140102,14:30,122500,122400,122500,122300,202200,2474528,122380,63.602
210,1,20140102,14:31,122500,122400,122500,122400,222700,2727904,122490,63.602
211,1,20140102,14:32,122500,122500,122500,122400,107800,1319648,122420,63.602
212,1,20140102,14:33,122400,122500,122500,122400,339200,4154240,122470,63.602
213,1,20140102,14:34,122500,122500,122500,122400,134200,1644160,122520,63.602
214,1,20140102,14:35,122600,122400,122600,122400,147600,1808832,122550,63.602
215,1,20140102,14:36,122500,122500,122500,122300,200300,2451040,122370,63.602
216,1,20140102,14:37,122400,122300,122500,122300,108000,1322496,122449,63.602
217,1,20140102,14:38,122300,122200,122300,122200,206900,2530208,122289,63.602
218,1,20140102,14:39,122200,122100,122200,122100,364000,4448256,122200,63.602
219,1,20140102,14:40,122100,122200,122200,122100,251700,3074144,122140,63.602
220,1,20140102,14:41,122200,122300,122300,122200,125100,1529248,122240,63.602
221,1,20140102,14:42,122200,122300,122300,122100,161600,1975648,122260,63.602
222,1,20140102,14:43,122300,122100,122300,122100,150800,1842944,122210,63.602
223,1,20140102,14:44,122100,122300,122300,122100,189600,2318272,122270,63.602
224,1,20140102,14:45,122300,122200,122400,122200,160100,1958336,122320,63.602
225,1,20140102,14:46,122400,122400,122400,122200,276100,3378624,122370,63.602
226,1,20140102,14:47,122400,122400,122500,122400,257400,3151424,122430,63.602
227,1,20140102,14:48,122500,122400,122500,122400,183400,2245760,122449,63.602
228,1,20140102,14:49,122500,122500,122500,122400,358800,4394880,122490,63.602
229,1,20140102,14:50,122500,122500,122600,122400,344300,4217536,122500,63.602
230,1,20140102,14:51,122500,122500,122500,122400,343600,4205888,122410,63.602
231,1,20140102,14:52,122500,122400,122500,122400,270500,3313728,122500,63.602
232,1,20140102,14:53,122500,122400,122500,122400,860800,10539712,122440,63.602
233,1,20140102,14:54,122400,122300,122400,122200,237400,2904256,122340,63.602
234,1,20140102,14:55,122300,122300,122400,122200,281400,3441536,122300,63.602
235,1,20140102,14:56,122300,122300,122300,122200,157100,1920320,122240,63.602
236,1,20140102,14:57,122300,122300,122300,122200,420400,5138944,122240,63.602
237,1,20140102,14:58,122300,122300,122300,122300,0,0,122300,63.602
238,1,20140102,14:59,122300,122300,122300,122300,0,0,122300,63.602
239,1,20140102,15:00,122300,122300,122300,122300,258300,3159040,122300,63.602
240,1,20140103,09:31,121500,121199,121500,121100,409000,4962505,121329,63.602
241,1,20140103,09:32,121100,121600,121600,121100,167000,2026816,121370,63.602
242,1,20140103,09:33,121500,121300,121600,121300,189100,2296443,121440,63.602
243,1,20140103,09:34,121300,121100,121300,121100,239700,2905683,121220,63.602
244,1,20140103,09:35,121199,121100,121199,120900,219000,2650502,121030,63.602
245,1,20140103,09:36,121000,121199,121300,121000,55600,673688,121170,63.602
246,1,20140103,09:37,121300,121000,121300,121000,255400,3094229,121150,63.602
247,1,20140103,09:38,121000,121300,121300,121000,228300,2765942,121150,63.602
248,1,20140103,09:39,121300,121300,121400,121199,119800,1452788,121270,63.602
249,1,20140103,09:40,121199,121300,121300,121199,82100,995384,121240,63.602
250,1,20140103,09:41,121300,120900,121300,120900,630100,7627792,121060,63.602
251,1,20140103,09:42,120900,120800,121000,120800,323500,3910716,120890,63.602
252,1,20140103,09:43,120800,120600,120800,120600,586900,7080560,120640,63.602
253,1,20140103,09:44,120600,120600,120700,120500,208500,2513276,120540,63.602
254,1,20140103,09:45,120600,120600,120700,120600,190700,2300080,120610,63.602
255,1,20140103,09:46,120600,120500,120700,120500,502100,6055468,120600,63.602
256,1,20140103,09:47,120800,120800,120900,120600,158000,1906816,120680,63.602
257,1,20140103,09:48,120800,121300,121300,120800,445200,5382852,120910,63.602
258,1,20140103,09:49,121300,121000,121300,120900,90100,1090928,121080,63.602
259,1,20140103,09:50,121100,120800,121100,120700,121600,1469512,120850,63.602
260,1,20140103,09:51,120800,120800,120900,120700,106000,1280248,120780,63.602
261,1,20140103,09:52,120800,120900,120900,120800,102200,1235148,120860,63.602
262,1,20140103,09:53,120800,120900,121000,120800,100800,1218248,120860,63.602
263,1,20140103,09:54,120800,120900,120900,120800,72600,877368,120850,63.602
264,1,20140103,09:55,120900,121000,121000,120800,184000,2223680,120850,63.602
265,1,20140103,09:56,120900,121000,121000,120900,51700,625200,120930,63.602
266,1,20140103,09:57,120900,120900,121000,120900,92400,1118096,121010,63.602
267,1,20140103,09:58,120900,121000,121000,120900,67300,813784,120920,63.602
268,1,20140103,09:59,120900,120900,121000,120900,92300,1115712,120879,63.602
269,1,20140103,10:00,120800,120800,120900,120800,343900,4154952,120820,63.602
270,1,20140103,10:01,120800,120300,120800,120300,1328300,16002480,120470,63.602
271,1,20140103,10:02,120300,120200,120300,120100,769700,9249600,120170,63.602
272,1,20140103,10:03,120200,119900,120200,119900,1123600,13490296,120060,63.602
273,1,20140103,10:04,119900,119700,119900,119700,485700,5817472,119780,63.602
274,1,20140103,10:05,119700,119800,119800,119500,843400,10091064,119650,63.602
275,1,20140103,10:06,119600,119700,119800,119600,200800,2403904,119720,63.602
276,1,20140103,10:07,119700,119900,120000,119700,467000,5598512,119880,63.602
277,1,20140103,10:08,119900,120200,120200,119900,457000,5483008,119980,63.602
278,1,20140103,10:09,120100,119800,120100,119800,125400,1504992,120020,63.602
279,1,20140103,10:10,119800,119700,119900,119700,491800,5889632,119760,63.602
280,1,20140103,10:11,119700,119200,119700,119200,858900,10263808,119500,63.602
281,1,20140103,10:12,119300,118900,119300,118800,1095000,13035168,119040,63.602
282,1,20140103,10:13,118900,119000,119000,118900,861800,10247616,118910,63.602
283,1,20140103,10:14,119000,119000,119100,118900,441400,5250400,118950,63.602
284,1,20140103,10:15,119000,119000,119000,118900,718500,8547488,118960,63.602
285,1,20140103,10:16,119100,119100,119100,118900,272500,3242992,119010,63.602
286,1,20140103,10:17,119000,119200,119200,118900,321900,3830928,119010,63.602
287,1,20140103,10:18,119200,119400,119400,119100,75500,899168,119100,63.602
288,1,20140103,10:19,119400,118900,119400,118900,824700,9819392,119070,63.602
289,1,20140103,10:20,118800,118600,118900,118600,799000,9488320,118750,63.602
290,1,20140103,10:21,118600,118699,118800,118600,479700,5690304,118620,63.602
291,1,20140103,10:22,118800,118699,118800,118600,265200,3148160,118710,63.602
292,1,20140103,10:23,118699,118699,118699,118600,328900,3901360,118620,63.602
293,1,20140103,10:24,118600,118800,118900,118600,120600,1431776,118720,63.602
294,1,20140103,10:25,118900,119200,119200,118699,257700,3066144,118980,63.602
295,1,20140103,10:26,119200,119000,119300,118800,402000,4786448,119070,63.602
296,1,20140103,10:27,118900,119000,119200,118800,318200,3787056,119010,63.602
297,1,20140103,10:28,119000,119200,119200,119000,154400,1837856,119030,63.602
298,1,20140103,10:29,119100,119000,119200,118900,450100,5355808,118989,63.602
299,1,20140103,10:30,119000,119000,119000,118900,505100,6005120,118890,63.602
300,1,20140103,10:31,119000,119000,119100,118900,187200,2228000,119019,63.602
301,1,20140103,10:32,119100,119200,119300,119100,135700,1616832,119149,63.602
302,1,20140103,10:33,119200,118900,119200,118800,587600,6991808,118989,63.602
303,1,20140103,10:34,118800,118800,118900,118800,147500,1752416,118810,63.602
304,1,20140103,10:35,118800,118900,118900,118800,161900,1924832,118890,63.602
305,1,20140103,10:36,119000,119000,119200,118900,79100,941504,119030,63.602
306,1,20140103,10:37,119000,119000,119100,118900,195400,2325120,118989,63.602
307,1,20140103,10:38,118900,118699,119000,118699,463300,5503200,118780,63.602
308,1,20140103,10:39,118800,118800,119000,118699,177000,2102848,118800,63.602
309,1,20140103,10:40,118900,118900,119000,118800,87900,1044864,118870,63.602
310,1,20140103,10:41,118900,119000,119000,118900,64600,768864,119019,63.602
311,1,20140103,10:42,119000,119000,119000,118900,230700,2744096,118950,63.602
312,1,20140103,10:43,119000,118900,119000,118800,201800,2400288,118940,63.602
313,1,20140103,10:44,118800,118900,119000,118800,75500,897472,118870,63.602
314,1,20140103,10:45,119000,118900,119000,118900,61500,731785,118989,63.602
315,1,20140103,10:46,118900,118800,119000,118800,202200,2403840,118880,63.602
316,1,20140103,10:47,118800,118699,118900,118600,494600,5873568,118750,63.602
317,1,20140103,10:48,118699,118699,118800,118600,217200,2578208,118699,63.602
318,1,20140103,10:49,118600,118699,118800,118600,189900,2253568,118670,63.602
319,1,20140103,10:50,118699,118699,118699,118600,186200,2209024,118640,63.602
320,1,20140103,10:51,118600,118600,118699,118600,372000,4412576,118620,63.602
321,1,20140103,10:52,118600,118500,118699,118500,519500,6159520,118570,63.602
322,1,20140103,10:53,118600,118600,118600,118500,414000,4907520,118539,63.602
323,1,20140103,10:54,118500,118000,118600,118000,1572900,18598816,118250,63.602
324,1,20140103,10:55,118100,118300,118400,118000,235300,2779264,118120,63.602
325,1,20140103,10:56,118300,118400,118400,118300,191700,2269472,118390,63.602
326,1,20140103,10:57,118400,118600,118600,118400,208200,2466432,118460,63.602
327,1,20140103,10:58,118500,118699,118699,118400,129800,1539232,118580,63.602
328,1,20140103,10:59,118600,118600,118600,118400,130600,1548128,118539,63.602
329,1,20140103,11:00,118600,118400,118600,118400,38300,453843,118500,63.602
330,1,20140103,11:01,118500,118200,118500,118200,720200,8515680,118240,63.602
331,1,20140103,11:02,118200,118400,118400,118200,94300,1115648,118310,63.602
332,1,20140103,11:03,118400,118500,118500,118300,71200,842592,118340,63.602
333,1,20140103,11:04,118400,118500,118500,118400,89300,1057985,118480,63.602
334,1,20140103,11:05,118500,118500,118500,118400,113700,1346752,118450,63.602
335,1,20140103,11:06,118400,118200,118500,118200,434900,5145984,118330,63.602
336,1,20140103,11:07,118500,118600,118600,118500,282900,3353696,118550,63.602
337,1,20140103,11:08,118600,118699,118800,118600,139600,1656640,118670,63.602
338,1,20140103,11:09,118800,119000,119000,118800,102700,1222176,119000,63.602
339,1,20140103,11:10,119000,118900,119000,118900,220500,2622304,118930,63.602
340,1,20140103,11:11,119000,119000,119000,118900,152200,1810976,118989,63.602
341,1,20140103,11:12,119000,118900,119000,118800,136300,1621088,118940,63.602
342,1,20140103,11:13,118900,119000,119000,118800,139900,1663872,118930,63.602
343,1,20140103,11:14,118900,119000,119100,118900,128400,1527392,118960,63.602
344,1,20140103,11:15,119100,119200,119200,119100,85900,1023040,119100,63.602
345,1,20140103,11:16,119100,119100,119200,119000,99600,1186368,119110,63.602
346,1,20140103,11:17,119100,119100,119200,119000,124300,1480416,119100,63.602
347,1,20140103,11:18,119100,119000,119100,118900,185500,2207520,119000,63.602
348,1,20140103,11:19,118900,118900,118900,118699,108500,1289152,118820,63.602
349,1,20140103,11:20,118800,118699,118800,118600,110800,1314368,118630,63.602
350,1,20140103,11:21,118800,118699,118800,118600,43100,511520,118680,63.602
351,1,20140103,11:22,118600,118699,118699,118600,51400,610336,118740,63.602
352,1,20140103,11:23,118699,118800,118800,118699,77600,921920,118800,63.602
353,1,20140103,11:24,118800,118699,118900,118699,118900,1411904,118750,63.602
354,1,20140103,11:25,118699,118699,118699,118600,153900,1826624,118690,63.602
355,1,20140103,11:26,118699,118600,118800,118600,96400,1143168,118590,63.602
356,1,20140103,11:27,118600,118600,118600,118500,122300,1449504,118520,63.602
357,1,20140103,11:28,118500,118600,118699,118500,129500,1535840,118600,63.602
358,1,20140103,11:29,118699,118699,118800,118600,44700,530080,118590,63.602
359,1,20140103,11:30,118800,118800,118800,118600,40300,478848,118820,63.602
360,1,20140103,13:01,118800,118900,118900,118800,212700,2526893,118800,63.602
361,1,20140103,13:02,118900,118800,119000,118699,30200,359040,118890,63.602
362,1,20140103,13:03,118800,118600,118800,118500,111800,1326624,118660,63.602
363,1,20140103,13:04,118600,118400,118699,118400,130000,1539648,118430,63.602
364,1,20140103,13:05,118400,118300,118500,118300,162300,1920288,118320,63.602
365,1,20140103,13:06,118300,118300,118400,118200,90700,1073248,118330,63.602
366,1,20140103,13:07,118200,118100,118400,118100,155400,1836608,118190,63.602
367,1,20140103,13:08,118100,117899,118300,117899,1692600,19978532,118030,63.602
368,1,20140103,13:09,117899,118000,118000,117899,178600,2105472,117890,63.602
369,1,20140103,13:10,118000,117899,118000,117899,272200,3209792,117920,63.602
370,1,20140103,13:11,117899,118100,118100,117899,234800,2770400,117990,63.602
371,1,20140103,13:12,118000,118100,118100,118000,160500,1893536,117980,63.602
372,1,20140103,13:13,118000,118100,118100,118000,125600,1482496,118030,63.602
373,1,20140103,13:14,118000,118000,118100,117899,172600,2035488,117929,63.602
374,1,20140103,13:15,118000,118100,118100,118000,199600,2357088,118090,63.602
375,1,20140103,13:16,118100,118200,118200,118100,90800,1072992,118170,63.602
376,1,20140103,13:17,118300,118400,118400,118300,106900,1264880,118320,63.602
377,1,20140103,13:18,118300,118400,118400,118300,123600,1463328,118390,63.602
378,1,20140103,13:19,118300,118200,118400,118200,65200,771904,118390,63.602
379,1,20140103,13:20,118200,118300,118300,118200,85000,1004800,118210,63.602
380,1,20140103,13:21,118300,118500,118500,118300,123800,1465847,118400,63.602
381,1,20140103,13:22,118500,118500,118500,118400,161800,1917440,118510,63.602
382,1,20140103,13:23,118500,118500,118600,118500,35000,414784,118510,63.602
383,1,20140103,13:24,118600,118500,118600,118400,133800,1586656,118580,63.602
384,1,20140103,13:25,118500,118400,118500,118400,74000,876096,118390,63.602
385,1,20140103,13:26,118400,118400,118500,118400,56100,664864,118510,63.602
386,1,20140103,13:27,118500,118500,118500,118400,55400,656256,118460,63.602
387,1,20140103,13:28,118500,118600,118600,118500,52100,617513,118520,63.602
388,1,20140103,13:29,118500,118600,118600,118500,66600,789517,118550,63.602
389,1,20140103,13:30,118600,118699,118699,118600,49800,590705,118620,63.602
390,1,20140103,13:31,118600,118600,118699,118600,85200,1010144,118560,63.602
391,1,20140103,13:32,118600,118699,118699,118600,39500,468838,118690,63.602
392,1,20140103,13:33,118600,118600,118699,118600,107100,1270304,118610,63.602
393,1,20140103,13:34,118600,118500,118600,118500,97800,1159648,118570,63.602
394,1,20140103,13:35,118500,118600,118600,118500,161800,1918688,118580,63.602
395,1,20140103,13:36,118600,118699,118699,118600,22600,268090,118620,63.602
396,1,20140103,13:37,118699,118500,118699,118500,142200,1686144,118580,63.602
397,1,20140103,13:38,118500,118500,118500,118400,300800,3564128,118490,63.602
398,1,20140103,13:39,118400,118400,118500,118300,140400,1662080,118379,63.602
399,1,20140103,13:40,118200,118200,118200,118100,331200,3914976,118210,63.602
400,1,20140103,13:41,118200,118100,118200,118100,68600,810762,118190,63.602
401,1,20140103,13:42,118200,118200,118200,118100,77900,920384,118150,63.602
402,1,20140103,13:43,118200,118100,118200,118100,90200,1065967,118180,63.602
403,1,20140103,13:44,118200,118200,118200,118100,346800,4098496,118180,63.602
404,1,20140103,13:45,118200,118300,118400,118200,269900,3191200,118240,63.602
405,1,20140103,13:46,118300,118400,118500,118300,153200,1814816,118460,63.602
406,1,20140103,13:47,118400,118400,118500,118400,129900,1538592,118440,63.602
407,1,20140103,13:48,118400,118400,118500,118400,207100,2453952,118490,63.602
408,1,20140103,13:49,118300,118500,118500,118300,58800,696102,118379,63.602
409,1,20140103,13:50,118500,118400,118500,118400,40500,479560,118410,63.602
410,1,20140103,13:51,118400,118400,118600,118400,165600,1962336,118500,63.602
411,1,20140103,13:52,118300,118500,118500,118300,82900,981792,118430,63.602
412,1,20140103,13:53,118400,118500,118500,118400,104500,1238119,118480,63.602
413,1,20140103,13:54,118400,118500,118500,118400,50300,595753,118440,63.602
414,1,20140103,13:55,118500,118300,118500,118300,46800,553664,118300,63.602
415,1,20140103,13:56,118300,118600,118600,118300,324300,3844288,118539,63.602
416,1,20140103,13:57,118600,118500,118600,118400,202700,2403360,118570,63.602
417,1,20140103,13:58,118500,118699,118800,118500,104400,1239104,118690,63.602
418,1,20140103,13:59,118699,119000,119000,118699,148100,1761600,118950,63.602
419,1,20140103,14:00,118900,119000,119100,118900,123600,1471008,119010,63.602
420,1,20140103,14:01,119100,119100,119100,119000,219100,2609984,119120,63.602
421,1,20140103,14:02,119100,118800,119100,118800,94200,1121024,119000,63.602
422,1,20140103,14:03,118800,118699,118900,118600,135600,1609440,118690,63.602
423,1,20140103,14:04,118800,118800,118800,118600,141700,1681568,118670,63.602
424,1,20140103,14:05,118800,118900,118900,118800,35200,418316,118840,63.602
425,1,20140103,14:06,118800,118800,118900,118699,62500,742272,118760,63.602
426,1,20140103,14:07,118800,118600,118800,118600,201800,2395264,118690,63.602
427,1,20140103,14:08,118600,118800,118800,118600,88900,1055328,118710,63.602
428,1,20140103,14:09,118800,118699,118800,118699,52200,619739,118720,63.602
429,1,20140103,14:10,118800,118600,118800,118500,550400,6528192,118610,63.602
430,1,20140103,14:11,118500,118500,118600,118400,262200,3106752,118490,63.602
431,1,20140103,14:12,118500,118600,118600,118400,171000,2026816,118530,63.602
432,1,20140103,14:13,118600,118800,118800,118600,274000,3252416,118699,63.602
433,1,20140103,14:14,118800,118800,118900,118800,129800,1543168,118890,63.602
434,1,20140103,14:15,118900,119100,119200,118900,152100,1810048,119000,63.602
435,1,20140103,14:16,119200,119300,119300,119100,125300,1493888,119220,63.602
436,1,20140103,14:17,119200,119100,119400,119100,210900,2513792,119190,63.602
437,1,20140103,14:18,119100,119100,119200,119100,112600,1342080,119190,63.602
438,1,20140103,14:19,119200,119100,119200,119100,97100,1156736,119130,63.602
439,1,20140103,14:20,119100,119200,119200,119100,111400,1327744,119190,63.602
440,1,20140103,14:21,119100,119000,119200,119000,91300,1087296,119090,63.602
441,1,20140103,14:22,119100,119100,119100,119000,78500,934848,119090,63.602
442,1,20140103,14:23,119000,119100,119300,119000,185700,2212608,119149,63.602
443,1,20140103,14:24,119200,119200,119300,119100,43800,522624,119320,63.602
444,1,20140103,14:25,119200,119000,119300,119000,246200,2932032,119090,63.602
445,1,20140103,14:26,119000,118900,119100,118900,377500,4491968,118989,63.602
446,1,20140103,14:27,118900,118800,119000,118800,250100,2975552,118970,63.602
447,1,20140103,14:28,119000,118900,119000,118800,133100,1581824,118840,63.602
448,1,20140103,14:29,118800,118800,118900,118800,262800,3122816,118829,63.602
449,1,20140103,14:30,118900,118900,119000,118800,300100,3570240,118970,63.602
450,1,20140103,14:31,118900,118900,119000,118800,372100,4424128,118900,63.602
451,1,20140103,14:32,118900,118900,119000,118900,223300,2656832,118980,63.602
452,1,20140103,14:33,118900,118900,119000,118900,192100,2284160,118900,63.602
453,1,20140103,14:34,119100,118900,119100,118900,84800,1009216,119010,63.602
454,1,20140103,14:35,119000,119000,119100,118900,111200,1322880,118960,63.602
455,1,20140103,14:36,119100,119000,119100,118900,135100,1608128,119030,63.602
456,1,20140103,14:37,118900,119000,119000,118900,148700,1769536,119000,63.602
457,1,20140103,14:38,119000,119000,119100,118900,159300,1895872,119010,63.602
458,1,20140103,14:39,119000,119000,119100,118900,124000,1474816,118940,63.602
459,1,20140103,14:40,118900,118800,119000,118800,192200,2285760,118930,63.602
460,1,20140103,14:41,118900,119100,119100,118800,207300,2465984,118960,63.602
461,1,20140103,14:42,119000,118900,119100,118900,220600,2624064,118950,63.602
462,1,20140103,14:43,118900,118900,119100,118900,118400,1409344,119030,63.602
463,1,20140103,14:44,119000,119000,119100,119000,161900,1926912,119019,63.602
464,1,20140103,14:45,119000,119100,119200,119000,245700,2926592,119110,63.602
465,1,20140103,14:46,119100,119200,119200,119100,166300,1981568,119160,63.602
466,1,20140103,14:47,119200,119300,119300,119200,164000,1955072,119210,63.602
467,1,20140103,14:48,119300,119500,119600,119300,284700,3401984,119490,63.602
468,1,20140103,14:49,119500,119400,119600,119400,127800,1527295,119510,63.602
469,1,20140103,14:50,119400,119300,119400,119200,342600,4090304,119390,63.602
470,1,20140103,14:51,119200,119200,119400,119200,152300,1817024,119309,63.602
471,1,20140103,14:52,119300,119200,119400,119200,202600,2416320,119270,63.602
472,1,20140103,14:53,119200,119300,119400,119200,212200,2530240,119240,63.602
473,1,20140103,14:54,119300,119200,119300,119200,251100,2994496,119260,63.602
474,1,20140103,14:55,119200,119400,119400,119100,571200,6811520,119250,63.602
475,1,20140103,14:56,119500,119300,119500,119200,140400,1676800,119430,63.602
476,1,20140103,14:57,119300,119300,119400,119300,166100,1981504,119300,63.602
477,1,20140103,14:58,119300,119300,119300,119300,0,0,119300,63.602
478,1,20140103,14:59,119300,119300,119300,119300,0,0,119300,63.602
479,1,20140103,15:00,119300,119300,119300,119300,345600,4123264,119309,63.602
